"","x"
"1","Aatk"
"2","Ache"
"3","Ackr1"
"4","Ackr2"
"5","Ackr3"
"6","Ackr4"
"7","Acta2"
"8","Acvr1"
"9","Acvr1b"
"10","Acvr1c"
"11","Acvr2a"
"12","Acvr2b"
"13","Acvrl1"
"14","Adam17"
"15","Adcyap1r1"
"16","Adgra1"
"17","Adgra2"
"18","Adgra3"
"19","Adgrb1"
"20","Adgrb2"
"21","Adgrb3"
"22","Adgrd1"
"23","Adgrd2.ps"
"24","Adgre1"
"25","Adgre4"
"26","Adgre5"
"27","Adgrf1"
"28","Adgrf2"
"29","Adgrf3"
"30","Adgrf4"
"31","Adgrf5"
"32","Adgrg1"
"33","Adgrg2"
"34","Adgrg3"
"35","Adgrg4"
"36","Adgrg5"
"37","Adgrg6"
"38","Adgrl1"
"39","Adgrl2"
"40","Adgrl3"
"41","Adgrl4"
"42","Adgrv1"
"43","Adipoq"
"44","Adora1"
"45","Adora2a"
"46","Adora2b"
"47","Adora3"
"48","Adra1a"
"49","Adra1b"
"50","Adra1d"
"51","Adra2a"
"52","Adra2b"
"53","Adra2c"
"54","Adrb1"
"55","Adrb2"
"56","Adrb3"
"57","Agr3"
"58","Agtr1a"
"59","Agtr1b"
"60","Agtr2"
"61","Ahr"
"62","Aif1"
"63","Alk"
"64","Amh"
"65","Amhr2"
"66","Angpt1"
"67","Angpt2"
"68","Angpt4"
"69","Ano1"
"70","Aplnr"
"71","Apob"
"72","Ar"
"73","Arx"
"74","Asic1"
"75","Asic2"
"76","Asic3"
"77","Asic4"
"78","Asic5"
"79","Atf6"
"80","Atoh1"
"81","Avil"
"82","Avpr1a"
"83","Avpr1b"
"84","Avpr2"
"85","Axin2"
"86","Axl"
"87","Bambi"
"88","Bcl2"
"89","Bcl6"
"90","Bdkrb1"
"91","Bdkrb2"
"92","Bdnf"
"93","Best4.ps"
"94","Bmi1"
"95","Bmp1"
"96","Bmp10"
"97","Bmp15"
"98","Bmp2"
"99","Bmp3"
"100","Bmp4"
"101","Bmp5"
"102","Bmp6"
"103","Bmp7"
"104","Bmp8a"
"105","Bmp8b"
"106","Bmpr1a"
"107","Bmpr1b"
"108","Bmpr2"
"109","Brs3"
"110","C1qc"
"111","C3"
"112","C3ar1"
"113","C5ar1"
"114","C5ar2"
"115","Cacng6"
"116","Calcb"
"117","Calcr"
"118","Calcrl"
"119","Casp3"
"120","Casr"
"121","Cckar"
"122","Cckbr"
"123","Ccl1"
"124","Ccl11"
"125","Ccl12"
"126","Ccl17"
"127","Ccl19"
"128","Ccl2"
"129","Ccl20"
"130","Ccl21d"
"131","Ccl22"
"132","Ccl24"
"133","Ccl27a"
"134","Ccl28"
"135","Ccl3"
"136","Ccl4"
"137","Ccl7"
"138","Ccl9"
"139","Ccnb1"
"140","Ccnl2"
"141","Ccr1"
"142","Ccr10"
"143","Ccr1l1"
"144","Ccr2"
"145","Ccr3"
"146","Ccr4"
"147","Ccr5"
"148","Ccr6"
"149","Ccr7"
"150","Ccr8"
"151","Ccr9"
"152","Ccrl2"
"153","Cd19"
"154","Cd1d1"
"155","Cd207"
"156","Cd209a"
"157","Cd209b"
"158","Cd209c"
"159","Cd209d"
"160","Cd209e"
"161","Cd209f"
"162","Cd209g"
"163","Cd27"
"164","Cd34"
"165","Cd3d"
"166","Cd3e"
"167","Cd4"
"168","Cd40"
"169","Cd40lg"
"170","Cd44"
"171","Cd5"
"172","Cd68"
"173","Cd69"
"174","Cd70"
"175","Cd79a"
"176","Cd79b"
"177","Cd80"
"178","Cd86"
"179","Cd8a"
"180","Cd8b1"
"181","Celsr1"
"182","Celsr2"
"183","Celsr3"
"184","Chat"
"185","Chrm1"
"186","Chrm2"
"187","Chrm3"
"188","Chrm4"
"189","Chrm5"
"190","Chrna1"
"191","Chrna10"
"192","Chrna2"
"193","Chrna3"
"194","Chrna4"
"195","Chrna5"
"196","Chrna6"
"197","Chrna7"
"198","Chrna9"
"199","Chrnb1"
"200","Chrnb2"
"201","Chrnb3"
"202","Chrnb4"
"203","Chrnd"
"204","Chrne"
"205","Chrng"
"206","Ciita"
"207","Clca3b"
"208","Clcf1"
"209","Clec10a"
"210","Clec12a"
"211","Clec12b"
"212","Clec1a"
"213","Clec1b"
"214","Clec4a1"
"215","Clec4a2"
"216","Clec4a3"
"217","Clec4a4"
"218","Clec4b1"
"219","Clec4b2"
"220","Clec4d"
"221","Clec4e"
"222","Clec4g"
"223","Clec4n"
"224","Clec5a"
"225","Clec7a"
"226","Clec9a"
"227","Cmklr1"
"228","Cnp"
"229","Cnr1"
"230","Cnr2"
"231","Cntf"
"232","Cntfr"
"233","Col1a1"
"234","Col4a1"
"235","Cps1"
"236","Cr2"
"237","Crhr1"
"238","Crhr2"
"239","Crlf2"
"240","Crp"
"241","Csf1"
"242","Csf1r"
"243","Csf2"
"244","Csf2ra"
"245","Csf2rb"
"246","Csf2rb2"
"247","Csf3"
"248","Csf3r"
"249","Cspg4"
"250","Ctf1"
"251","Ctf2"
"252","Cx3cl1"
"253","Cx3cr1"
"254","Cxcl1"
"255","Cxcl10"
"256","Cxcl11"
"257","Cxcl12"
"258","Cxcl13"
"259","Cxcl14"
"260","Cxcl15"
"261","Cxcl16"
"262","Cxcl17"
"263","Cxcl2"
"264","Cxcl3"
"265","Cxcl5"
"266","Cxcl9"
"267","Cxcr1"
"268","Cxcr2"
"269","Cxcr3"
"270","Cxcr4"
"271","Cxcr5"
"272","Cxcr6"
"273","Cysltr1"
"274","Cysltr2"
"275","Dbn1"
"276","Dchs1"
"277","Dchs2"
"278","Ddr1"
"279","Ddr2"
"280","Ddx58"
"281","Dhh"
"282","Dhx58"
"283","Dlk1"
"284","Dll1"
"285","Dll3"
"286","Dll4"
"287","Drd1"
"288","Drd2"
"289","Drd3"
"290","Drd4"
"291","Drd5"
"292","Ebi3"
"293","Eda"
"294","Eda2r"
"295","Edar"
"296","Ednra"
"297","Ednrb"
"298","Efna2"
"299","Efna3"
"300","Efna4"
"301","Efna5"
"302","Efnb1"
"303","Efnb2"
"304","Efnb3"
"305","Egf"
"306","Egfr"
"307","Elavl3"
"308","Eln"
"309","Emilin2"
"310","Eng"
"311","Eomes"
"312","Epha1"
"313","Epha10"
"314","Epha2"
"315","Epha3"
"316","Epha4"
"317","Epha5"
"318","Epha6"
"319","Epha7"
"320","Epha8"
"321","Ephb1"
"322","Ephb2"
"323","Ephb3"
"324","Ephb4"
"325","Ephb6"
"326","Epo"
"327","Epor"
"328","Erbb2"
"329","Erbb3"
"330","Erbb4"
"331","Esr1"
"332","Esr2"
"333","Esrrb"
"334","Esrrg"
"335","Etv1"
"336","Etv6"
"337","F2r"
"338","F2rl1"
"339","F2rl2"
"340","F2rl3"
"341","Fap"
"342","Fas"
"343","Fasl"
"344","Fat1"
"345","Fat2"
"346","Fat3"
"347","Fat4"
"348","Fbn1"
"349","Fcgr1"
"350","Fcna"
"351","Fev"
"352","Ffar1"
"353","Ffar2"
"354","Ffar3"
"355","Ffar4"
"356","Fgf1"
"357","Fgf10"
"358","Fgf11"
"359","Fgf12"
"360","Fgf13"
"361","Fgf14"
"362","Fgf15"
"363","Fgf16"
"364","Fgf17"
"365","Fgf18"
"366","Fgf2"
"367","Fgf20"
"368","Fgf21"
"369","Fgf22"
"370","Fgf23"
"371","Fgf3"
"372","Fgf4"
"373","Fgf5"
"374","Fgf6"
"375","Fgf7"
"376","Fgf8"
"377","Fgf9"
"378","Fgfr1"
"379","Fgfr2"
"380","Fgfr3"
"381","Fgfr4"
"382","Flt1"
"383","Flt3"
"384","Flt3l"
"385","Flt4"
"386","Fn1"
"387","Foxl1"
"388","Foxo4"
"389","Foxp3"
"390","Fpr.rs3"
"391","Fpr.rs4"
"392","Fpr.rs6"
"393","Fpr.rs7"
"394","Fpr1"
"395","Fpr2"
"396","Fpr3"
"397","Fshr"
"398","Fzd1"
"399","Fzd10"
"400","Fzd2"
"401","Fzd3"
"402","Fzd4"
"403","Fzd5"
"404","Fzd6"
"405","Fzd7"
"406","Fzd8"
"407","Fzd9"
"408","Gabbr1"
"409","Gabbr2"
"410","Gabra1"
"411","Gabra2"
"412","Gabra3"
"413","Gabra4"
"414","Gabra5"
"415","Gabra6"
"416","Gabrb1"
"417","Gabrb2"
"418","Gabrb3"
"419","Gabrd"
"420","Gabre"
"421","Gabrg1"
"422","Gabrg2"
"423","Gabrg3"
"424","Gabrp"
"425","Gabrq"
"426","Gabrr1"
"427","Gabrr2"
"428","Gabrr3"
"429","Gad1"
"430","Gad2"
"431","Galr1"
"432","Galr2"
"433","Galr3"
"434","Gap43"
"435","Gata2"
"436","Gata3"
"437","Gcgr"
"438","Gdf1"
"439","Gdf10"
"440","Gdf11"
"441","Gdf15"
"442","Gdf2"
"443","Gdf3"
"444","Gdf5"
"445","Gdf6"
"446","Gdf7"
"447","Gdf9"
"448","Gdnf"
"449","Gfap"
"450","Gfra2"
"451","Gfra3"
"452","Gh"
"453","Ghr"
"454","Ghrhr"
"455","Ghsr"
"456","Gipr"
"457","Gli1"
"458","Gli2"
"459","Gli3"
"460","Glp1r"
"461","Glp2r"
"462","Glra1"
"463","Glra2"
"464","Glra3"
"465","Glra4"
"466","Glrb"
"467","Gls"
"468","Gm10665"
"469","Gm10670"
"470","Gm14496"
"471","Gm20878"
"472","Gm725"
"473","Gnrhr"
"474","Gp2"
"475","Gpbar1"
"476","Gper1"
"477","Gpr1"
"478","Gpr101"
"479","Gpr107"
"480","Gpr108"
"481","Gpr119"
"482","Gpr12"
"483","Gpr132"
"484","Gpr135"
"485","Gpr137"
"486","Gpr137b"
"487","Gpr137c"
"488","Gpr139"
"489","Gpr141"
"490","Gpr142"
"491","Gpr143"
"492","Gpr146"
"493","Gpr149"
"494","Gpr15"
"495","Gpr150"
"496","Gpr151"
"497","Gpr152"
"498","Gpr153"
"499","Gpr156"
"500","Gpr157"
"501","Gpr158"
"502","Gpr160"
"503","Gpr161"
"504","Gpr162"
"505","Gpr17"
"506","Gpr171"
"507","Gpr173"
"508","Gpr174"
"509","Gpr176"
"510","Gpr179"
"511","Gpr18"
"512","Gpr180"
"513","Gpr182"
"514","Gpr183"
"515","Gpr19"
"516","Gpr20"
"517","Gpr21"
"518","Gpr22"
"519","Gpr26"
"520","Gpr27"
"521","Gpr3"
"522","Gpr31b"
"523","Gpr33"
"524","Gpr34"
"525","Gpr35"
"526","Gpr37"
"527","Gpr37l1"
"528","Gpr39"
"529","Gpr4"
"530","Gpr45"
"531","Gpr50"
"532","Gpr52"
"533","Gpr55"
"534","Gpr6"
"535","Gpr61"
"536","Gpr62"
"537","Gpr63"
"538","Gpr65"
"539","Gpr68"
"540","Gpr75"
"541","Gpr82"
"542","Gpr83"
"543","Gpr84"
"544","Gpr85"
"545","Gpr87"
"546","Gpr88"
"547","Gprc5b"
"548","Gprc5c"
"549","Gprc5d"
"550","Gprc6a"
"551","Grem1"
"552","Gria1"
"553","Gria2"
"554","Gria3"
"555","Gria4"
"556","Grid1"
"557","Grid2"
"558","Grik1"
"559","Grik2"
"560","Grik3"
"561","Grik4"
"562","Grik5"
"563","Grin1"
"564","Grin2a"
"565","Grin2b"
"566","Grin2c"
"567","Grin2d"
"568","Grin3a"
"569","Grin3b"
"570","Grm1"
"571","Grm2"
"572","Grm3"
"573","Grm4"
"574","Grm5"
"575","Grm6"
"576","Grm7"
"577","Grm8"
"578","Grpr"
"579","Gucy2d"
"580","Gucy2e"
"581","Gucy2f"
"582","H2.Eb1"
"583","Hand2"
"584","Hcar1"
"585","Hcar2"
"586","Hcrtr1"
"587","Hcrtr2"
"588","Hgf"
"589","Hhex"
"590","Hmgb2"
"591","Hmgn3"
"592","Hoxb9"
"593","Hrh1"
"594","Hrh2"
"595","Hrh3"
"596","Hrh4"
"597","Htr1a"
"598","Htr1b"
"599","Htr1d"
"600","Htr1f"
"601","Htr2a"
"602","Htr2b"
"603","Htr2c"
"604","Htr3a"
"605","Htr3b"
"606","Htr4"
"607","Htr5a"
"608","Htr5b"
"609","Htr6"
"610","Htr7"
"611","Icos"
"612","Ifih1"
"613","Ifna1"
"614","Ifna11"
"615","Ifna12"
"616","Ifna13"
"617","Ifna14"
"618","Ifna15"
"619","Ifna16"
"620","Ifna2"
"621","Ifna4"
"622","Ifna5"
"623","Ifna6"
"624","Ifna7"
"625","Ifna9"
"626","Ifnab"
"627","Ifnar1"
"628","Ifnar2"
"629","Ifnb1"
"630","Ifne"
"631","Ifng"
"632","Ifnk"
"633","Ifnl2"
"634","Ifnl3"
"635","Ifnlr1"
"636","Igf1"
"637","Igf1r"
"638","Igf2"
"639","Ighd"
"640","Ighe"
"641","Ighm"
"642","Ihh"
"643","Il10"
"644","Il10ra"
"645","Il11"
"646","Il11ra2"
"647","Il12a"
"648","Il12b"
"649","Il12rb1"
"650","Il12rb2"
"651","Il13"
"652","Il13ra1"
"653","Il13ra2"
"654","Il15"
"655","Il15ra"
"656","Il16"
"657","Il17a"
"658","Il17b"
"659","Il17c"
"660","Il17d"
"661","Il17f"
"662","Il17ra"
"663","Il17rb"
"664","Il17rd"
"665","Il17re"
"666","Il18r1"
"667","Il18rap"
"668","Il19"
"669","Il1a"
"670","Il1b"
"671","Il1f10"
"672","Il1f5"
"673","Il1f6"
"674","Il1f8"
"675","Il1f9"
"676","Il1r1"
"677","Il1r2"
"678","Il1rap"
"679","Il1rapl1"
"680","Il1rapl2"
"681","Il1rl1"
"682","Il1rl2"
"683","Il2"
"684","Il20"
"685","Il20ra"
"686","Il20rb"
"687","Il21"
"688","Il21r"
"689","Il22"
"690","Il22ra1"
"691","Il22ra2"
"692","Il23a"
"693","Il23r"
"694","Il24"
"695","Il25"
"696","Il27"
"697","Il27ra"
"698","Il2ra"
"699","Il2rb"
"700","Il2rg"
"701","Il3"
"702","Il31"
"703","Il31ra"
"704","Il33"
"705","Il34"
"706","Il3ra"
"707","Il4"
"708","Il4ra"
"709","Il5"
"710","Il5ra"
"711","Il6"
"712","Il6ra"
"713","Il6st"
"714","Il7"
"715","Il7r"
"716","Il9"
"717","Il9r"
"718","Inha"
"719","Inhba"
"720","Inhbb"
"721","Inhbc"
"722","Inhbe"
"723","Insr"
"724","Insrr"
"725","Isl1"
"726","Itga2"
"727","Itgae"
"728","Itgam"
"729","Itgax"
"730","Itgb2"
"731","Itpr1"
"732","Itpr2"
"733","Itpr3"
"734","Jag1"
"735","Jag2"
"736","Jaml"
"737","Kdr"
"738","Kif16b"
"739","Kif5a"
"740","Kiss1r"
"741","Kit"
"742","Kitl"
"743","Lama1"
"744","Lamp3"
"745","Lefty1"
"746","Lefty2"
"747","Lep"
"748","Lepr"
"749","Lgr4"
"750","Lgr5"
"751","Lgr6"
"752","Lhcgr"
"753","Lif"
"754","Lifr"
"755","Lmtk2"
"756","Lmtk3"
"757","Lmx1a"
"758","Lpar1"
"759","Lpar2"
"760","Lpar3"
"761","Lpar4"
"762","Lpar5"
"763","Lpar6"
"764","Lrp5"
"765","Lrp6"
"766","Lrrk2"
"767","Lta"
"768","Ltb"
"769","Ltb4r1"
"770","Ltb4r2"
"771","Ltk"
"772","Ly75"
"773","Lyve1"
"774","Maged2"
"775","Map2"
"776","Marcksl1"
"777","Mas1"
"778","Mboat4"
"779","Mc1r"
"780","Mc2r"
"781","Mc3r"
"782","Mc4r"
"783","Mc5r"
"784","Mchr1"
"785","Mcm2"
"786","Mertk"
"787","Met"
"788","Mfap5"
"789","Mitf"
"790","Mki67"
"791","Mpl"
"792","Mrc1"
"793","Mrc2"
"794","Mrgpra1"
"795","Mrgpra2a"
"796","Mrgpra2b"
"797","Mrgpra3"
"798","Mrgpra4"
"799","Mrgpra6"
"800","Mrgpra9"
"801","Mrgprb1"
"802","Mrgprb13"
"803","Mrgprb2"
"804","Mrgprb3"
"805","Mrgprb4"
"806","Mrgprb5"
"807","Mrgprb8"
"808","Mrgprd"
"809","Mrgpre"
"810","Mrgprf"
"811","Mrgprg"
"812","Mrgprh"
"813","Mrgprx1"
"814","Mrgprx2"
"815","Mst1r"
"816","Mstn"
"817","Mtnr1a"
"818","Mtnr1b"
"819","Muc1"
"820","Muc4"
"821","Musk"
"822","Myh10"
"823","Mzb1"
"824","Naip1"
"825","Naip2"
"826","Naip5"
"827","Naip6"
"828","Ncr1"
"829","Nes"
"830","Neurod1"
"831","Neurog3"
"832","Ngf"
"833","Ngfr"
"834","Nkg7"
"835","Nlrc4"
"836","Nlrc5"
"837","Nlrp10"
"838","Nlrp12"
"839","Nlrp14"
"840","Nlrp1a"
"841","Nlrp1b"
"842","Nlrp2"
"843","Nlrp3"
"844","Nlrp4c"
"845","Nlrp4e"
"846","Nlrp5"
"847","Nlrp6"
"848","Nlrp9a"
"849","Nlrp9b"
"850","Nlrp9c"
"851","Nlrx1"
"852","Nmbr"
"853","Nmur1"
"854","Nmur2"
"855","Nod1"
"856","Nod2"
"857","Nodal"
"858","Nos1"
"859","Nos2"
"860","Notch1"
"861","Notch2"
"862","Notch3"
"863","Notch4"
"864","Npbwr1"
"865","Npffr1"
"866","Npffr2"
"867","Npr1"
"868","Npr2"
"869","Npsr1"
"870","Npy1r"
"871","Npy2r"
"872","Npy4r"
"873","Npy5r"
"874","Npy6r"
"875","Nr0b1"
"876","Nr0b2"
"877","Nr1d1"
"878","Nr1d2"
"879","Nr1h2"
"880","Nr1h3"
"881","Nr1h4"
"882","Nr1h5"
"883","Nr1i2"
"884","Nr1i3"
"885","Nr2c1"
"886","Nr2c2"
"887","Nr2e1"
"888","Nr2e3"
"889","Nr2f1"
"890","Nr2f2"
"891","Nr3c1"
"892","Nr3c2"
"893","Nr4a1"
"894","Nr4a2"
"895","Nr4a3"
"896","Nr5a1"
"897","Nr5a2"
"898","Nr6a1"
"899","Nrg1"
"900","Nrg2"
"901","Nrg3"
"902","Nrg4"
"903","Nt5e"
"904","Ntf3"
"905","Ntf5"
"906","Ntrk1"
"907","Ntrk2"
"908","Ntrk3"
"909","Ntsr1"
"910","Ntsr2"
"911","Olfr10"
"912","Olfr1012"
"913","Olfr1016"
"914","Olfr102"
"915","Olfr1023"
"916","Olfr1028"
"917","Olfr1029"
"918","Olfr1031"
"919","Olfr1033"
"920","Olfr1034"
"921","Olfr1039"
"922","Olfr104.ps"
"923","Olfr1043"
"924","Olfr105.ps"
"925","Olfr1051"
"926","Olfr1055"
"927","Olfr1062"
"928","Olfr107"
"929","Olfr1087"
"930","Olfr109"
"931","Olfr1090"
"932","Olfr1094"
"933","Olfr11"
"934","Olfr110"
"935","Olfr1104"
"936","Olfr1106"
"937","Olfr1107"
"938","Olfr111"
"939","Olfr1116"
"940","Olfr1118"
"941","Olfr1120"
"942","Olfr1122"
"943","Olfr1123"
"944","Olfr1124"
"945","Olfr1129"
"946","Olfr113"
"947","Olfr1130"
"948","Olfr1132"
"949","Olfr1135"
"950","Olfr1137"
"951","Olfr1150.ps1"
"952","Olfr1152"
"953","Olfr1156"
"954","Olfr1157"
"955","Olfr116"
"956","Olfr1160"
"957","Olfr1161"
"958","Olfr1162"
"959","Olfr1167"
"960","Olfr117"
"961","Olfr1173"
"962","Olfr1175"
"963","Olfr1178"
"964","Olfr118"
"965","Olfr1183"
"966","Olfr1186"
"967","Olfr119"
"968","Olfr1191.ps1"
"969","Olfr1192.ps1"
"970","Olfr1195"
"971","Olfr1196"
"972","Olfr1198"
"973","Olfr12"
"974","Olfr1200"
"975","Olfr1202"
"976","Olfr1204"
"977","Olfr1205"
"978","Olfr1209"
"979","Olfr1211"
"980","Olfr1215"
"981","Olfr1217"
"982","Olfr1219"
"983","Olfr122"
"984","Olfr1220"
"985","Olfr1221"
"986","Olfr1226"
"987","Olfr1233"
"988","Olfr1238"
"989","Olfr124"
"990","Olfr1245"
"991","Olfr1246"
"992","Olfr1247"
"993","Olfr125"
"994","Olfr1250"
"995","Olfr1256"
"996","Olfr1258"
"997","Olfr1260"
"998","Olfr1262"
"999","Olfr1263"
"1000","Olfr1264"
"1001","Olfr1265"
"1002","Olfr1268.ps1"
"1003","Olfr1269"
"1004","Olfr127"
"1005","Olfr1271"
"1006","Olfr1273.ps"
"1007","Olfr1274"
"1008","Olfr1276"
"1009","Olfr1277"
"1010","Olfr1278"
"1011","Olfr1279"
"1012","Olfr1280"
"1013","Olfr1281"
"1014","Olfr1284"
"1015","Olfr1285"
"1016","Olfr1286"
"1017","Olfr129"
"1018","Olfr1290"
"1019","Olfr1291.ps1"
"1020","Olfr1293.ps"
"1021","Olfr13"
"1022","Olfr1303"
"1023","Olfr1305"
"1024","Olfr1307"
"1025","Olfr1309"
"1026","Olfr131"
"1027","Olfr1310"
"1028","Olfr1312"
"1029","Olfr1313"
"1030","Olfr1316"
"1031","Olfr1318"
"1032","Olfr1321"
"1033","Olfr1322"
"1034","Olfr1324"
"1035","Olfr1326.ps1"
"1036","Olfr1328"
"1037","Olfr1330"
"1038","Olfr1336"
"1039","Olfr1341"
"1040","Olfr1342"
"1041","Olfr1346"
"1042","Olfr1349"
"1043","Olfr1352"
"1044","Olfr1356"
"1045","Olfr1366"
"1046","Olfr1368"
"1047","Olfr1369.ps1"
"1048","Olfr1372.ps1"
"1049","Olfr1380"
"1050","Olfr1381"
"1051","Olfr1384"
"1052","Olfr1385"
"1053","Olfr1387"
"1054","Olfr1388"
"1055","Olfr1389"
"1056","Olfr1391"
"1057","Olfr1392"
"1058","Olfr1393"
"1059","Olfr1396"
"1060","Olfr1410"
"1061","Olfr1416"
"1062","Olfr1417"
"1063","Olfr1419"
"1064","Olfr1420"
"1065","Olfr1423"
"1066","Olfr1426"
"1067","Olfr143"
"1068","Olfr1430.ps1"
"1069","Olfr1432"
"1070","Olfr1437"
"1071","Olfr1438.ps1"
"1072","Olfr1440"
"1073","Olfr1441"
"1074","Olfr1442"
"1075","Olfr1448"
"1076","Olfr1457"
"1077","Olfr1459"
"1078","Olfr1463"
"1079","Olfr1467"
"1080","Olfr1469"
"1081","Olfr147"
"1082","Olfr1471"
"1083","Olfr1484"
"1084","Olfr1487"
"1085","Olfr1489"
"1086","Olfr149"
"1087","Olfr1490"
"1088","Olfr15"
"1089","Olfr1500"
"1090","Olfr1501"
"1091","Olfr1505"
"1092","Olfr1507"
"1093","Olfr1508"
"1094","Olfr1512"
"1095","Olfr152"
"1096","Olfr1532.ps1"
"1097","Olfr1535"
"1098","Olfr1537"
"1099","Olfr1555.ps1"
"1100","Olfr1564"
"1101","Olfr157"
"1102","Olfr160"
"1103","Olfr161"
"1104","Olfr164"
"1105","Olfr165"
"1106","Olfr166"
"1107","Olfr167"
"1108","Olfr17"
"1109","Olfr173"
"1110","Olfr177"
"1111","Olfr178"
"1112","Olfr18"
"1113","Olfr188.ps1"
"1114","Olfr190"
"1115","Olfr2"
"1116","Olfr204"
"1117","Olfr209"
"1118","Olfr212"
"1119","Olfr215"
"1120","Olfr221"
"1121","Olfr224"
"1122","Olfr237"
"1123","Olfr24"
"1124","Olfr243"
"1125","Olfr250"
"1126","Olfr251"
"1127","Olfr258.ps1"
"1128","Olfr259"
"1129","Olfr262"
"1130","Olfr267"
"1131","Olfr273"
"1132","Olfr279"
"1133","Olfr281"
"1134","Olfr285"
"1135","Olfr286"
"1136","Olfr287"
"1137","Olfr295"
"1138","Olfr30"
"1139","Olfr305"
"1140","Olfr307"
"1141","Olfr31"
"1142","Olfr314"
"1143","Olfr318"
"1144","Olfr322"
"1145","Olfr323"
"1146","Olfr324"
"1147","Olfr328"
"1148","Olfr329"
"1149","Olfr33"
"1150","Olfr338"
"1151","Olfr341"
"1152","Olfr344"
"1153","Olfr346"
"1154","Olfr351"
"1155","Olfr352"
"1156","Olfr353"
"1157","Olfr354"
"1158","Olfr361"
"1159","Olfr362"
"1160","Olfr364.ps1"
"1161","Olfr365"
"1162","Olfr366"
"1163","Olfr370"
"1164","Olfr372"
"1165","Olfr373"
"1166","Olfr374"
"1167","Olfr380"
"1168","Olfr39"
"1169","Olfr392"
"1170","Olfr393"
"1171","Olfr394"
"1172","Olfr395"
"1173","Olfr397"
"1174","Olfr398"
"1175","Olfr402"
"1176","Olfr403"
"1177","Olfr410"
"1178","Olfr411"
"1179","Olfr412"
"1180","Olfr414"
"1181","Olfr418"
"1182","Olfr419"
"1183","Olfr420"
"1184","Olfr432"
"1185","Olfr433"
"1186","Olfr446"
"1187","Olfr447"
"1188","Olfr45"
"1189","Olfr459"
"1190","Olfr46"
"1191","Olfr461"
"1192","Olfr462"
"1193","Olfr465.ps1"
"1194","Olfr466"
"1195","Olfr472"
"1196","Olfr477"
"1197","Olfr478"
"1198","Olfr479"
"1199","Olfr481"
"1200","Olfr482"
"1201","Olfr484"
"1202","Olfr487"
"1203","Olfr488"
"1204","Olfr5"
"1205","Olfr503"
"1206","Olfr506"
"1207","Olfr509"
"1208","Olfr51"
"1209","Olfr510"
"1210","Olfr518"
"1211","Olfr52"
"1212","Olfr523"
"1213","Olfr525"
"1214","Olfr527"
"1215","Olfr531"
"1216","Olfr532"
"1217","Olfr533"
"1218","Olfr537.ps1"
"1219","Olfr539"
"1220","Olfr54"
"1221","Olfr542.ps1"
"1222","Olfr544"
"1223","Olfr545"
"1224","Olfr552"
"1225","Olfr558"
"1226","Olfr559"
"1227","Olfr56"
"1228","Olfr560"
"1229","Olfr569"
"1230","Olfr57"
"1231","Olfr571"
"1232","Olfr575"
"1233","Olfr578"
"1234","Olfr588.ps1"
"1235","Olfr592"
"1236","Olfr596"
"1237","Olfr597"
"1238","Olfr6"
"1239","Olfr60"
"1240","Olfr600"
"1241","Olfr607"
"1242","Olfr613"
"1243","Olfr620"
"1244","Olfr622"
"1245","Olfr624"
"1246","Olfr628"
"1247","Olfr63"
"1248","Olfr633"
"1249","Olfr635"
"1250","Olfr639"
"1251","Olfr64"
"1252","Olfr641"
"1253","Olfr645"
"1254","Olfr646"
"1255","Olfr648"
"1256","Olfr653"
"1257","Olfr654"
"1258","Olfr655"
"1259","Olfr656"
"1260","Olfr658"
"1261","Olfr66"
"1262","Olfr661"
"1263","Olfr667"
"1264","Olfr668"
"1265","Olfr671"
"1266","Olfr675"
"1267","Olfr676"
"1268","Olfr678"
"1269","Olfr679"
"1270","Olfr686"
"1271","Olfr690"
"1272","Olfr691"
"1273","Olfr695"
"1274","Olfr699"
"1275","Olfr70"
"1276","Olfr704"
"1277","Olfr707"
"1278","Olfr709.ps1"
"1279","Olfr71"
"1280","Olfr713"
"1281","Olfr714"
"1282","Olfr715"
"1283","Olfr715b"
"1284","Olfr716"
"1285","Olfr718.ps1"
"1286","Olfr720"
"1287","Olfr727"
"1288","Olfr728"
"1289","Olfr729"
"1290","Olfr73"
"1291","Olfr731"
"1292","Olfr733"
"1293","Olfr734"
"1294","Olfr735"
"1295","Olfr736"
"1296","Olfr739"
"1297","Olfr740"
"1298","Olfr742"
"1299","Olfr744"
"1300","Olfr745"
"1301","Olfr75.ps1"
"1302","Olfr750"
"1303","Olfr753.ps1"
"1304","Olfr76"
"1305","Olfr767"
"1306","Olfr769"
"1307","Olfr77"
"1308","Olfr774"
"1309","Olfr775"
"1310","Olfr78"
"1311","Olfr780"
"1312","Olfr784"
"1313","Olfr786"
"1314","Olfr787"
"1315","Olfr788"
"1316","Olfr789"
"1317","Olfr794"
"1318","Olfr796"
"1319","Olfr798"
"1320","Olfr802"
"1321","Olfr803"
"1322","Olfr804"
"1323","Olfr806"
"1324","Olfr808"
"1325","Olfr809"
"1326","Olfr814"
"1327","Olfr816"
"1328","Olfr822"
"1329","Olfr825"
"1330","Olfr827"
"1331","Olfr832"
"1332","Olfr837"
"1333","Olfr839.ps1"
"1334","Olfr843"
"1335","Olfr845"
"1336","Olfr847"
"1337","Olfr851"
"1338","Olfr853"
"1339","Olfr859"
"1340","Olfr867"
"1341","Olfr873"
"1342","Olfr877"
"1343","Olfr887"
"1344","Olfr888"
"1345","Olfr889"
"1346","Olfr890"
"1347","Olfr893"
"1348","Olfr896.ps1"
"1349","Olfr898"
"1350","Olfr9"
"1351","Olfr90"
"1352","Olfr901"
"1353","Olfr904"
"1354","Olfr905"
"1355","Olfr906"
"1356","Olfr912"
"1357","Olfr914"
"1358","Olfr916"
"1359","Olfr918"
"1360","Olfr920"
"1361","Olfr921"
"1362","Olfr922"
"1363","Olfr93"
"1364","Olfr943"
"1365","Olfr948"
"1366","Olfr95"
"1367","Olfr954"
"1368","Olfr959"
"1369","Olfr961"
"1370","Olfr967"
"1371","Olfr975"
"1372","Olfr976"
"1373","Olfr979"
"1374","Olfr980"
"1375","Olfr981"
"1376","Olfr982"
"1377","Olfr983"
"1378","Olfr984"
"1379","Olfr986"
"1380","Olfr99"
"1381","Olfr998"
"1382","Olig2"
"1383","Olr1"
"1384","Onecut3"
"1385","Opn1mw"
"1386","Opn1sw"
"1387","Opn3"
"1388","Opn4"
"1389","Opn5"
"1390","Oprd1"
"1391","Oprk1"
"1392","Oprl1"
"1393","Oprm1"
"1394","Osm"
"1395","Osmr"
"1396","Otop2"
"1397","Oxgr1"
"1398","Oxtr"
"1399","P2rx1"
"1400","P2rx2"
"1401","P2rx3"
"1402","P2rx5"
"1403","P2rx6"
"1404","P2rx7"
"1405","P2ry1"
"1406","P2ry10"
"1407","P2ry10b"
"1408","P2ry12"
"1409","P2ry13"
"1410","P2ry14"
"1411","P2ry2"
"1412","P2ry4"
"1413","P2ry6"
"1414","Pax6"
"1415","Pdcd1"
"1416","Pdcd1lg2"
"1417","Pdgfa"
"1418","Pdgfb"
"1419","Pdgfc"
"1420","Pdgfd"
"1421","Pdgfra"
"1422","Pdgfrb"
"1423","Pecam1"
"1424","Peg3"
"1425","Penk"
"1426","Pf4"
"1427","Pgf"
"1428","Pgr"
"1429","Pgr15l"
"1430","Phox2b"
"1431","Piezo1"
"1432","Piezo2"
"1433","Pla2g2a"
"1434","Pla2r1"
"1435","Plp1"
"1436","Ppara"
"1437","Ppard"
"1438","Pparg"
"1439","Ppbp"
"1440","Prdm1"
"1441","Prdm16"
"1442","Prf1"
"1443","Prl"
"1444","Prl5a1"
"1445","Prl6a1"
"1446","Prlhr"
"1447","Prlr"
"1448","Prok1"
"1449","Prok2"
"1450","Prokr1"
"1451","Prokr2"
"1452","Ptafr"
"1453","Ptch1"
"1454","Ptch2"
"1455","Ptgdr"
"1456","Ptgdr2"
"1457","Ptger1"
"1458","Ptger2"
"1459","Ptger3"
"1460","Ptger4"
"1461","Ptgfr"
"1462","Ptgir"
"1463","Ptgs2"
"1464","Pth1r"
"1465","Pth2r"
"1466","Ptk7"
"1467","Ptpra"
"1468","Ptprb"
"1469","Ptprc"
"1470","Ptprd"
"1471","Ptpre"
"1472","Ptprf"
"1473","Ptprj"
"1474","Ptprk"
"1475","Ptprm"
"1476","Ptprn"
"1477","Ptprn2"
"1478","Ptpro"
"1479","Ptprq"
"1480","Ptprr"
"1481","Ptprs"
"1482","Ptprt"
"1483","Ptpru"
"1484","Ptprv"
"1485","Ptprz1"
"1486","Pzp"
"1487","Qrfpr"
"1488","Qrfprl"
"1489","Rac2"
"1490","Ramp2"
"1491","Ramp3"
"1492","Rara"
"1493","Rarb"
"1494","Rarg"
"1495","Rcor2"
"1496","Relt"
"1497","Ret"
"1498","Rgr"
"1499","Rgs4"
"1500","Rho"
"1501","Ror1"
"1502","Ror2"
"1503","Rora"
"1504","Rorb"
"1505","Rorc"
"1506","Ros1"
"1507","Rrh"
"1508","Rspo1"
"1509","Rspo2"
"1510","Rspo3"
"1511","Rspo4"
"1512","Rxfp1"
"1513","Rxfp2"
"1514","Rxfp3"
"1515","Rxfp4"
"1516","Rxra"
"1517","Rxrb"
"1518","Rxrg"
"1519","Ryk"
"1520","S100a4"
"1521","S100b"
"1522","S1pr1"
"1523","S1pr2"
"1524","S1pr3"
"1525","S1pr4"
"1526","S1pr5"
"1527","Scarb1"
"1528","Scn3a"
"1529","Scnn1a"
"1530","Scnn1b"
"1531","Scnn1g"
"1532","Sctr"
"1533","Sell"
"1534","Sfrp1"
"1535","Shh"
"1536","Sigirr"
"1537","Siglecf"
"1538","Sirpa"
"1539","Slc12a2"
"1540","Slc17a6"
"1541","Slc17a7"
"1542","Slc17a8"
"1543","Slc18a1"
"1544","Slc18a2"
"1545","Slc18a3"
"1546","Slc26a4"
"1547","Slc27a1"
"1548","Slc32a1"
"1549","Slc36a2"
"1550","Slc5a1"
"1551","Slc6a1"
"1552","Slc6a4"
"1553","Slc6a5"
"1554","Slc7a10"
"1555","Slc7a8"
"1556","Smarca1"
"1557","Smo"
"1558","Smtn"
"1559","Sox10"
"1560","Sox4"
"1561","Ssbp2"
"1562","Sstr1"
"1563","Sstr2"
"1564","Sstr3"
"1565","Sstr4"
"1566","Sstr5"
"1567","Stmn1"
"1568","Stx2"
"1569","Sucnr1"
"1570","Syt1"
"1571","Taar1"
"1572","Taar2"
"1573","Taar3"
"1574","Taar4"
"1575","Taar5"
"1576","Taar6"
"1577","Taar7a"
"1578","Taar7b"
"1579","Taar7d"
"1580","Taar7e"
"1581","Taar7f"
"1582","Taar8a"
"1583","Taar8b"
"1584","Taar8c"
"1585","Taar9"
"1586","Tacr1"
"1587","Tacr2"
"1588","Tacr3"
"1589","Tas1r1"
"1590","Tas1r2"
"1591","Tas1r3"
"1592","Tas2r102"
"1593","Tas2r103"
"1594","Tas2r104"
"1595","Tas2r105"
"1596","Tas2r106"
"1597","Tas2r107"
"1598","Tas2r108"
"1599","Tas2r109"
"1600","Tas2r110"
"1601","Tas2r113"
"1602","Tas2r114"
"1603","Tas2r115"
"1604","Tas2r116"
"1605","Tas2r117"
"1606","Tas2r118"
"1607","Tas2r119"
"1608","Tas2r120"
"1609","Tas2r121"
"1610","Tas2r122"
"1611","Tas2r123"
"1612","Tas2r124"
"1613","Tas2r125"
"1614","Tas2r126"
"1615","Tas2r129"
"1616","Tas2r130"
"1617","Tas2r131"
"1618","Tas2r134"
"1619","Tas2r135"
"1620","Tas2r136"
"1621","Tas2r137"
"1622","Tas2r138"
"1623","Tas2r139"
"1624","Tas2r140"
"1625","Tas2r141.ps4"
"1626","Tas2r143"
"1627","Tas2r144"
"1628","Tbx21"
"1629","Tbxa2r"
"1630","Tead1"
"1631","Tek"
"1632","Tgfb1"
"1633","Tgfb2"
"1634","Tgfb3"
"1635","Tgfbr1"
"1636","Tgfbr2"
"1637","Th"
"1638","Thpo"
"1639","Thra"
"1640","Thrb"
"1641","Thy1"
"1642","Tie1"
"1643","Tigit"
"1644","Tlr1"
"1645","Tlr11"
"1646","Tlr12"
"1647","Tlr13"
"1648","Tlr2"
"1649","Tlr3"
"1650","Tlr4"
"1651","Tlr5"
"1652","Tlr6"
"1653","Tlr7"
"1654","Tlr8"
"1655","Tlr9"
"1656","Tmem145"
"1657","Tnf"
"1658","Tnfrsf10b"
"1659","Tnfrsf11a"
"1660","Tnfrsf11b"
"1661","Tnfrsf12a"
"1662","Tnfrsf13b"
"1663","Tnfrsf13c"
"1664","Tnfrsf14"
"1665","Tnfrsf17"
"1666","Tnfrsf18"
"1667","Tnfrsf19"
"1668","Tnfrsf1b"
"1669","Tnfrsf21"
"1670","Tnfrsf22"
"1671","Tnfrsf23"
"1672","Tnfrsf25"
"1673","Tnfrsf26"
"1674","Tnfrsf4"
"1675","Tnfrsf8"
"1676","Tnfrsf9"
"1677","Tnfsf10"
"1678","Tnfsf11"
"1679","Tnfsf12"
"1680","Tnfsf13b"
"1681","Tnfsf14"
"1682","Tnfsf15"
"1683","Tnfsf18"
"1684","Tnfsf4"
"1685","Tnfsf8"
"1686","Tnfsf9"
"1687","Tph1"
"1688","Tpra1"
"1689","Tpsb2"
"1690","Trac"
"1691","Trdc"
"1692","Trgc1"
"1693","Trhr"
"1694","Trhr2"
"1695","Trim35"
"1696","Trpm5"
"1697","Tshr"
"1698","Tslp"
"1699","Tspan13"
"1700","Tubb3"
"1701","Txndc5"
"1702","Tymp"
"1703","Tyro3"
"1704","Uchl1"
"1705","Uts2r"
"1706","V1ra8"
"1707","V1rd19"
"1708","Vcan"
"1709","Vegfa"
"1710","Vegfb"
"1711","Vegfc"
"1712","Vegfd"
"1713","Vim"
"1714","Vipr2"
"1715","Vmn1r1"
"1716","Vmn1r12"
"1717","Vmn1r13"
"1718","Vmn1r139"
"1719","Vmn1r16"
"1720","Vmn1r168"
"1721","Vmn1r171"
"1722","Vmn1r173"
"1723","Vmn1r174"
"1724","Vmn1r175"
"1725","Vmn1r179"
"1726","Vmn1r18"
"1727","Vmn1r180"
"1728","Vmn1r181"
"1729","Vmn1r183"
"1730","Vmn1r184"
"1731","Vmn1r185"
"1732","Vmn1r188"
"1733","Vmn1r191"
"1734","Vmn1r193"
"1735","Vmn1r197"
"1736","Vmn1r198"
"1737","Vmn1r20"
"1738","Vmn1r200"
"1739","Vmn1r201"
"1740","Vmn1r202"
"1741","Vmn1r203"
"1742","Vmn1r206"
"1743","Vmn1r207"
"1744","Vmn1r209"
"1745","Vmn1r210"
"1746","Vmn1r213"
"1747","Vmn1r214"
"1748","Vmn1r215"
"1749","Vmn1r216"
"1750","Vmn1r217"
"1751","Vmn1r218"
"1752","Vmn1r219"
"1753","Vmn1r22"
"1754","Vmn1r220"
"1755","Vmn1r221"
"1756","Vmn1r223"
"1757","Vmn1r224"
"1758","Vmn1r226"
"1759","Vmn1r227"
"1760","Vmn1r228"
"1761","Vmn1r229"
"1762","Vmn1r230"
"1763","Vmn1r233"
"1764","Vmn1r234"
"1765","Vmn1r236"
"1766","Vmn1r24"
"1767","Vmn1r26"
"1768","Vmn1r28"
"1769","Vmn1r29"
"1770","Vmn1r32"
"1771","Vmn1r33"
"1772","Vmn1r34"
"1773","Vmn1r38"
"1774","Vmn1r39"
"1775","Vmn1r4"
"1776","Vmn1r43"
"1777","Vmn1r45"
"1778","Vmn1r46"
"1779","Vmn1r47"
"1780","Vmn1r49"
"1781","Vmn1r5"
"1782","Vmn1r50"
"1783","Vmn1r51"
"1784","Vmn1r55"
"1785","Vmn1r57"
"1786","Vmn1r58"
"1787","Vmn1r59"
"1788","Vmn1r6"
"1789","Vmn1r60"
"1790","Vmn1r61"
"1791","Vmn1r65"
"1792","Vmn1r66"
"1793","Vmn1r68"
"1794","Vmn1r70"
"1795","Vmn1r71"
"1796","Vmn1r72"
"1797","Vmn1r73"
"1798","Vmn1r74"
"1799","Vmn1r75"
"1800","Vmn1r76"
"1801","Vmn1r77"
"1802","Vmn1r78"
"1803","Vmn1r80"
"1804","Vmn1r81"
"1805","Vmn1r83"
"1806","Vmn1r84"
"1807","Vmn1r85"
"1808","Vmn1r86"
"1809","Vmn1r87"
"1810","Vmn1r88"
"1811","Vmn1r9"
"1812","Vmn1r90"
"1813","Vmn1r91"
"1814","Vmn2r1"
"1815","Vmn2r10"
"1816","Vmn2r100"
"1817","Vmn2r102"
"1818","Vmn2r105"
"1819","Vmn2r107"
"1820","Vmn2r108"
"1821","Vmn2r11"
"1822","Vmn2r110"
"1823","Vmn2r111"
"1824","Vmn2r112"
"1825","Vmn2r113"
"1826","Vmn2r114"
"1827","Vmn2r115"
"1828","Vmn2r116"
"1829","Vmn2r117"
"1830","Vmn2r118"
"1831","Vmn2r120"
"1832","Vmn2r124"
"1833","Vmn2r13"
"1834","Vmn2r14"
"1835","Vmn2r15"
"1836","Vmn2r16"
"1837","Vmn2r17"
"1838","Vmn2r18"
"1839","Vmn2r19"
"1840","Vmn2r20"
"1841","Vmn2r22"
"1842","Vmn2r23"
"1843","Vmn2r24"
"1844","Vmn2r25"
"1845","Vmn2r26"
"1846","Vmn2r27"
"1847","Vmn2r28"
"1848","Vmn2r29"
"1849","Vmn2r3"
"1850","Vmn2r30"
"1851","Vmn2r31"
"1852","Vmn2r32"
"1853","Vmn2r39"
"1854","Vmn2r4"
"1855","Vmn2r40"
"1856","Vmn2r42"
"1857","Vmn2r44"
"1858","Vmn2r45"
"1859","Vmn2r49"
"1860","Vmn2r51"
"1861","Vmn2r52"
"1862","Vmn2r53"
"1863","Vmn2r56"
"1864","Vmn2r57"
"1865","Vmn2r59"
"1866","Vmn2r6"
"1867","Vmn2r60"
"1868","Vmn2r63"
"1869","Vmn2r65"
"1870","Vmn2r66"
"1871","Vmn2r67"
"1872","Vmn2r68"
"1873","Vmn2r69"
"1874","Vmn2r7"
"1875","Vmn2r70"
"1876","Vmn2r73"
"1877","Vmn2r75"
"1878","Vmn2r76"
"1879","Vmn2r79"
"1880","Vmn2r8"
"1881","Vmn2r82"
"1882","Vmn2r83"
"1883","Vmn2r84"
"1884","Vmn2r85"
"1885","Vmn2r86"
"1886","Vmn2r88"
"1887","Vmn2r89"
"1888","Vmn2r9"
"1889","Vmn2r90"
"1890","Vmn2r92"
"1891","Vmn2r93"
"1892","Vmn2r94"
"1893","Vmn2r95"
"1894","Vmn2r96"
"1895","Vmn2r97"
"1896","Vmn2r99"
"1897","Vsig4"
"1898","Wnt1"
"1899","Wnt10a"
"1900","Wnt10b"
"1901","Wnt11"
"1902","Wnt16"
"1903","Wnt2"
"1904","Wnt2b"
"1905","Wnt3"
"1906","Wnt3a"
"1907","Wnt4"
"1908","Wnt5a"
"1909","Wnt5b"
"1910","Wnt6"
"1911","Wnt7a"
"1912","Wnt7b"
"1913","Wnt8a"
"1914","Wnt8b"
"1915","Wnt9a"
"1916","Wnt9b"
"1917","Xcl1"
"1918","Xcr1"
"1919","Xpr1"
"1920","Zbtb46"
"1921","Zcchc12"
